--
-- PostgreSQL database dump
--

\restrict ICaj9jXyAYoiuwGCzaaRvebsMMkvG20flnUAx7kxrFDKV3ybnl0bbfQQ1VrAfDO

-- Dumped from database version 16.14 (Homebrew)
-- Dumped by pg_dump version 16.14 (Homebrew)

SET statement_timeout = 0;
SET lock_timeout = 0;
SET idle_in_transaction_session_timeout = 0;
SET client_encoding = 'UTF8';
SET standard_conforming_strings = on;
SELECT pg_catalog.set_config('search_path', '', false);
SET check_function_bodies = false;
SET xmloption = content;
SET client_min_messages = warning;
SET row_security = off;

--
-- Data for Name: Friend; Type: TABLE DATA; Schema: public; Owner: smartinez
--

INSERT INTO public."Friend" (id, "displayName", notes, "createdAt", "updatedAt", "deletedAt") VALUES ('72b86806-1f0c-49b6-9426-d8ccb5093027', 'Test Friend', 'Created through API', '2026-05-18 14:57:27.991', '2026-05-18 14:57:27.991', NULL);
INSERT INTO public."Friend" (id, "displayName", notes, "createdAt", "updatedAt", "deletedAt") VALUES ('1b71cdc9-f2d8-4f48-9bc9-b3d288e734ac', 'Cole William Bailey', NULL, '2026-05-22 18:08:42.739', '2026-05-22 18:08:42.739', NULL);
INSERT INTO public."Friend" (id, "displayName", notes, "createdAt", "updatedAt", "deletedAt") VALUES ('5da77ede-2290-4ede-9839-d83a29a310e6', 'Cole William Bailey', 'Best friend, admits himself that he is a piece of shit.', '2026-05-17 16:10:28.127', '2026-05-17 16:10:28.127', NULL);
INSERT INTO public."Friend" (id, "displayName", notes, "createdAt", "updatedAt", "deletedAt") VALUES ('f252d471-0af1-4679-be08-f2baf104a402', 'Cole Updated', 'Cole also likes clear planning before calls.', '2026-05-26 10:44:00.654', '2026-05-27 15:16:49.757', NULL);
INSERT INTO public."Friend" (id, "displayName", notes, "createdAt", "updatedAt", "deletedAt") VALUES ('c3f345c8-ef11-4909-9969-708b618d0009', 'Soft Delete Test Friend', NULL, '2026-06-01 14:24:31.91', '2026-06-01 14:26:37.697', '2026-06-01 14:26:37.69');
INSERT INTO public."Friend" (id, "displayName", notes, "createdAt", "updatedAt", "deletedAt") VALUES ('76fe021b-c2b0-44c4-a177-80b42f27cf8b', 'Keyword Search Test', 'unexpected', '2026-06-02 09:54:12.335', '2026-06-02 09:54:12.335', NULL);


--
-- Data for Name: Event; Type: TABLE DATA; Schema: public; Owner: smartinez
--

INSERT INTO public."Event" (id, "friendId", "eventText", "happenedAt", "createdAt", "updatedAt") VALUES ('05f6bda4-f09e-4df6-ba33-0cacd5a823ac', '5da77ede-2290-4ede-9839-d83a29a310e6', 'Cole said he''d rather let me die than to marry me to save me from deportation.', '2024-09-19 15:00:00', '2026-05-20 13:58:41.163', '2026-05-20 13:58:41.163');
INSERT INTO public."Event" (id, "friendId", "eventText", "happenedAt", "createdAt", "updatedAt") VALUES ('', '5da77ede-2290-4ede-9839-d83a29a310e6', 'Cole admitted he is a piece of shit and promised to work to change that', '2025-07-20 14:02:56.332', '2026-05-20 16:03:46.538', '1969-12-31 23:00:00');
INSERT INTO public."Event" (id, "friendId", "eventText", "happenedAt", "createdAt", "updatedAt") VALUES ('aad22780-4190-40b5-a797-9684f3e8b4ce', '5da77ede-2290-4ede-9839-d83a29a310e6', 'Cole offered to get me some gundams during his Hong Kong trip.', '2026-03-05 15:00:00', '2026-05-20 14:07:26.571', '2026-05-20 14:07:26.571');
INSERT INTO public."Event" (id, "friendId", "eventText", "happenedAt", "createdAt", "updatedAt") VALUES ('cdddf747-6ff5-444e-8831-95ed38a2d108', '5da77ede-2290-4ede-9839-d83a29a310e6', 'Cole got me some flamin'' hot cheetos mac and cheese during his US trip.', '2026-05-15 15:00:00', '2026-05-20 14:10:01.086', '2026-05-20 14:10:01.086');
INSERT INTO public."Event" (id, "friendId", "eventText", "happenedAt", "createdAt", "updatedAt") VALUES ('5a72e032-dace-4019-811f-82de2f24b667', '5da77ede-2290-4ede-9839-d83a29a310e6', 'Cole helped me debug my API route validation.', '2026-05-26 11:30:00', '2026-05-26 13:12:09.862', '2026-05-26 13:12:09.862');
INSERT INTO public."Event" (id, "friendId", "eventText", "happenedAt", "createdAt", "updatedAt") VALUES ('631c1fb9-d4b2-448a-a970-988a3b8bf4e3', '76fe021b-c2b0-44c4-a177-80b42f27cf8b', 'Unexpected phone call happened yesterday.', NULL, '2026-06-02 09:56:05.285', '2026-06-02 09:56:05.285');


--
-- Data for Name: Assessment; Type: TABLE DATA; Schema: public; Owner: smartinez
--

INSERT INTO public."Assessment" (id, "eventId", "scoreDelta", reason, source, "createdAt", "updatedAt", "biasNotes", confidence, "impactDirection", "matchedRuleIds", "modelName", "promptVersion") VALUES ('cdcf0cc5-f743-49ea-9247-efc6a3f3d829', '05f6bda4-f09e-4df6-ba33-0cacd5a823ac', -7, 'This was hurtful.', 'manual', '2026-05-21 15:15:31.447', '2026-05-21 15:15:31.447', NULL, NULL, NULL, '{}', NULL, NULL);
INSERT INTO public."Assessment" (id, "eventId", "scoreDelta", reason, source, "createdAt", "updatedAt", "biasNotes", confidence, "impactDirection", "matchedRuleIds", "modelName", "promptVersion") VALUES ('e3c40e2a-4046-4ce7-a3c7-e3cee126430f', '05f6bda4-f09e-4df6-ba33-0cacd5a823ac', 10, 'The event had a positive impact on the friendship because it showed thoughtfulness and care.', 'mock-llm', '2026-05-23 20:43:02.809', '2026-05-23 20:43:02.809', NULL, NULL, NULL, '{}', NULL, NULL);
INSERT INTO public."Assessment" (id, "eventId", "scoreDelta", reason, source, "createdAt", "updatedAt", "biasNotes", confidence, "impactDirection", "matchedRuleIds", "modelName", "promptVersion") VALUES ('f7d70c6b-b69e-4a20-be04-5dd6548bc65a', '05f6bda4-f09e-4df6-ba33-0cacd5a823ac', 10, 'The event had a positive impact on the friendship because it showed thoughtfulness and care.', 'mock-llm', '2026-05-23 20:58:31.244', '2026-05-23 20:58:31.244', 'The assessment may be biased because it is based on a mock implementation.', 0.9, 'positive', '{451fa48b-43d7-444f-8fd4-668136a564a0}', NULL, NULL);
INSERT INTO public."Assessment" (id, "eventId", "scoreDelta", reason, source, "createdAt", "updatedAt", "biasNotes", confidence, "impactDirection", "matchedRuleIds", "modelName", "promptVersion") VALUES ('34a9788d-6074-4875-8d0f-21c0aad8e2bc', '05f6bda4-f09e-4df6-ba33-0cacd5a823ac', -3.5, 'Testing decimal score.', 'manual', '2026-05-24 15:13:46.51', '2026-05-24 15:13:46.51', NULL, NULL, NULL, '{}', NULL, NULL);
INSERT INTO public."Assessment" (id, "eventId", "scoreDelta", reason, source, "createdAt", "updatedAt", "biasNotes", confidence, "impactDirection", "matchedRuleIds", "modelName", "promptVersion") VALUES ('60b8cd46-67e2-4d3f-a7c5-30089d19f3f1', '05f6bda4-f09e-4df6-ba33-0cacd5a823ac', -7, 'Cole''s statement was unexpected and unwelcome, violating his preference for prior warning before being called. This event is strongly negative, as indicated by the medium-weight rule 451fa48b-43d7-444f-8fd4-668136a564a0.', 'mistral', '2026-05-24 15:46:34.211', '2026-05-24 15:46:34.211', 'The narrator''s bias as ''best friend, piece of shit'' may influence the interpretation of the event.', 0.9, 'negative', '{451fa48b-43d7-444f-8fd4-668136a564a0}', NULL, NULL);
INSERT INTO public."Assessment" (id, "eventId", "scoreDelta", reason, source, "createdAt", "updatedAt", "biasNotes", confidence, "impactDirection", "matchedRuleIds", "modelName", "promptVersion") VALUES ('17f85154-9fec-42a7-9944-363afdc55d19', '05f6bda4-f09e-4df6-ba33-0cacd5a823ac', -7, 'Cole''s statement is harsh and unexpected, showing disregard for the narrator''s feelings. This is a severe breach of friendship norms, as it disregards the narrator''s well-being and shows a lack of consideration. The statement is also a clear violation of Cole''s preference for not being put on the spot, as indicated by Rule ID: 451fa48b-43d7-444f-8fd4-668136a564a0. The confidence is high due to the clear and direct nature of the statement.', 'mistral', '2026-05-24 15:53:26.233', '2026-05-24 15:53:26.233', 'The narrator''s use of the phrase ''piece of shit'' suggests strong emotions and potential bias against Cole.', 0.9, 'negative', '{451fa48b-43d7-444f-8fd4-668136a564a0}', NULL, NULL);
INSERT INTO public."Assessment" (id, "eventId", "scoreDelta", reason, source, "createdAt", "updatedAt", "biasNotes", confidence, "impactDirection", "matchedRuleIds", "modelName", "promptVersion") VALUES ('21d6624c-3519-4334-9966-de6c8c811651', '05f6bda4-f09e-4df6-ba33-0cacd5a823ac', 10, 'The event had a positive impact on the friendship because it showed thoughtfulness and care.', 'mock-llm', '2026-05-24 16:06:43.305', '2026-05-24 16:06:43.305', 'The assessment may be biased because it is based on a mock implementation.', 0.9, 'positive', '{451fa48b-43d7-444f-8fd4-668136a564a0}', NULL, NULL);
INSERT INTO public."Assessment" (id, "eventId", "scoreDelta", reason, source, "createdAt", "updatedAt", "biasNotes", confidence, "impactDirection", "matchedRuleIds", "modelName", "promptVersion") VALUES ('cb32ec9b-0291-448f-b2a8-7bffadffa55b', '05f6bda4-f09e-4df6-ba33-0cacd5a823ac', 10, 'The event had a positive impact on the friendship because it showed thoughtfulness and care.', 'mock-llm', '2026-05-24 16:19:20.465', '2026-05-24 16:19:20.465', 'The assessment may be biased because it is based on a mock implementation.', 0.9, 'positive', '{451fa48b-43d7-444f-8fd4-668136a564a0}', NULL, NULL);
INSERT INTO public."Assessment" (id, "eventId", "scoreDelta", reason, source, "createdAt", "updatedAt", "biasNotes", confidence, "impactDirection", "matchedRuleIds", "modelName", "promptVersion") VALUES ('b20cee8a-7599-4e81-aee0-97a122fd348c', '05f6bda4-f09e-4df6-ba33-0cacd5a823ac', 10, 'The event had a positive impact on the friendship because it showed thoughtfulness and care.', 'mock-llm', '2026-05-24 16:27:04.771', '2026-05-24 16:27:04.771', 'The assessment may be biased because it is based on a mock implementation.', 0.9, 'positive', '{451fa48b-43d7-444f-8fd4-668136a564a0}', NULL, NULL);
INSERT INTO public."Assessment" (id, "eventId", "scoreDelta", reason, source, "createdAt", "updatedAt", "biasNotes", confidence, "impactDirection", "matchedRuleIds", "modelName", "promptVersion") VALUES ('42cca0a8-4d67-464d-b2b1-77bcce52e686', '05f6bda4-f09e-4df6-ba33-0cacd5a823ac', 10, 'The event had a positive impact on the friendship because it showed thoughtfulness and care.', 'mock', '2026-05-24 16:48:08.93', '2026-05-24 16:48:08.93', 'The assessment may be biased because it is based on a mock implementation.', 0.9, 'positive', '{451fa48b-43d7-444f-8fd4-668136a564a0}', NULL, NULL);
INSERT INTO public."Assessment" (id, "eventId", "scoreDelta", reason, source, "createdAt", "updatedAt", "biasNotes", confidence, "impactDirection", "matchedRuleIds", "modelName", "promptVersion") VALUES ('e08e202a-95ed-492f-b420-f90859168a80', '05f6bda4-f09e-4df6-ba33-0cacd5a823ac', 10, 'The event had a positive impact on the friendship because it showed thoughtfulness and care.', 'mock', '2026-05-25 11:51:15.045', '2026-05-25 11:51:15.045', 'The assessment may be biased because it is based on a mock implementation.', 0.9, 'positive', '{451fa48b-43d7-444f-8fd4-668136a564a0}', NULL, NULL);
INSERT INTO public."Assessment" (id, "eventId", "scoreDelta", reason, source, "createdAt", "updatedAt", "biasNotes", confidence, "impactDirection", "matchedRuleIds", "modelName", "promptVersion") VALUES ('73230da6-4ea0-4b80-bf24-77d3cce6ff5c', '05f6bda4-f09e-4df6-ba33-0cacd5a823ac', 10, 'The event had a positive impact on the friendship because it showed thoughtfulness and care.', 'mock', '2026-05-25 11:58:42.379', '2026-05-25 11:58:42.379', 'The assessment may be biased because it is based on a mock implementation.', 0.9, 'positive', '{451fa48b-43d7-444f-8fd4-668136a564a0}', NULL, NULL);
INSERT INTO public."Assessment" (id, "eventId", "scoreDelta", reason, source, "createdAt", "updatedAt", "biasNotes", confidence, "impactDirection", "matchedRuleIds", "modelName", "promptVersion") VALUES ('a45ba122-1e72-4211-818d-2ae78290d788', '05f6bda4-f09e-4df6-ba33-0cacd5a823ac', 10, 'The event had a positive impact on the friendship because it showed thoughtfulness and care.', 'mock', '2026-05-25 12:09:50.806', '2026-05-25 12:09:50.806', 'The assessment may be biased because it is based on a mock implementation.', 0.9, 'positive', '{451fa48b-43d7-444f-8fd4-668136a564a0}', NULL, NULL);
INSERT INTO public."Assessment" (id, "eventId", "scoreDelta", reason, source, "createdAt", "updatedAt", "biasNotes", confidence, "impactDirection", "matchedRuleIds", "modelName", "promptVersion") VALUES ('98c35f28-2b3a-478e-b085-6ce3355e63d8', '05f6bda4-f09e-4df6-ba33-0cacd5a823ac', 10, 'The event had a positive impact on the friendship because it showed thoughtfulness and care.', 'mock', '2026-05-25 12:32:07.017', '2026-05-25 12:32:07.017', 'The assessment may be biased because it is based on a mock implementation.', 0.9, 'positive', '{451fa48b-43d7-444f-8fd4-668136a564a0}', 'mock', 'friendship-assessment-v1');
INSERT INTO public."Assessment" (id, "eventId", "scoreDelta", reason, source, "createdAt", "updatedAt", "biasNotes", confidence, "impactDirection", "matchedRuleIds", "modelName", "promptVersion") VALUES ('78d7e895-1069-4877-b8db-065cf670599e', '05f6bda4-f09e-4df6-ba33-0cacd5a823ac', 10, 'The event had a positive impact on the friendship because it showed thoughtfulness and care.', 'mock', '2026-05-25 12:32:13.923', '2026-05-25 12:32:13.923', 'The assessment may be biased because it is based on a mock implementation.', 0.9, 'positive', '{451fa48b-43d7-444f-8fd4-668136a564a0}', 'mock', 'friendship-assessment-v1');
INSERT INTO public."Assessment" (id, "eventId", "scoreDelta", reason, source, "createdAt", "updatedAt", "biasNotes", confidence, "impactDirection", "matchedRuleIds", "modelName", "promptVersion") VALUES ('ddeba6cf-1a9e-4a33-9d23-68da03a43ea4', '05f6bda4-f09e-4df6-ba33-0cacd5a823ac', 10, 'The event had a positive impact on the friendship because it showed thoughtfulness and care.', 'mock', '2026-05-25 12:32:40.694', '2026-05-25 12:32:40.694', 'The assessment may be biased because it is based on a mock implementation.', 0.9, 'positive', '{451fa48b-43d7-444f-8fd4-668136a564a0}', 'mock', 'friendship-assessment-v1');
INSERT INTO public."Assessment" (id, "eventId", "scoreDelta", reason, source, "createdAt", "updatedAt", "biasNotes", confidence, "impactDirection", "matchedRuleIds", "modelName", "promptVersion") VALUES ('068a74b9-3420-42be-a7d8-f717a74867bb', '05f6bda4-f09e-4df6-ba33-0cacd5a823ac', -3.5, 'Testing Zod validation.', 'manual', '2026-05-26 10:20:29.114', '2026-05-26 10:20:29.114', NULL, NULL, NULL, '{}', NULL, NULL);
INSERT INTO public."Assessment" (id, "eventId", "scoreDelta", reason, source, "createdAt", "updatedAt", "biasNotes", confidence, "impactDirection", "matchedRuleIds", "modelName", "promptVersion") VALUES ('2126aa3c-1465-4ce0-b2f2-ccc4d81a4cf8', '631c1fb9-d4b2-448a-a970-988a3b8bf4e3', -5, 'Unexpected phone call happened, which matches the rule ''Unexpected phone behaviour''.', 'mistral', '2026-06-02 16:39:26.735', '2026-06-02 16:39:26.735', 'The event is factual and matches the rule directly.', 0.8, 'negative', '{c719f515-1c0b-4ca7-a46d-ecfce05f43cf}', 'mistral-tiny-latest', 'friendship-assessment-v1');
INSERT INTO public."Assessment" (id, "eventId", "scoreDelta", reason, source, "createdAt", "updatedAt", "biasNotes", confidence, "impactDirection", "matchedRuleIds", "modelName", "promptVersion") VALUES ('65276f0a-c35a-41f5-ad43-728a3ec36a8e', '', 0, 'The event is a self-deprecating statement by Cole, which doesn''t directly violate any rules or positively impact the friendship. It''s neutral as it doesn''t change the friendship dynamics.', 'mistral', '2026-06-03 11:47:05.304', '2026-06-03 11:47:05.304', 'The event is Cole''s self-perception, which might not reflect how others see him.', 0.9, 'neutral', '{}', 'mistral-tiny-latest', 'friendship-assessment-v1');
INSERT INTO public."Assessment" (id, "eventId", "scoreDelta", reason, source, "createdAt", "updatedAt", "biasNotes", confidence, "impactDirection", "matchedRuleIds", "modelName", "promptVersion") VALUES ('bddc5c95-0d8a-4f6b-8ee7-209dd55c1200', '631c1fb9-d4b2-448a-a970-988a3b8bf4e3', -5, 'The event mentions an unexpected phone call, which directly matches the ''Unexpected phone behaviour'' rule. This rule has a medium weight and a negative impact direction. Therefore, the event has a negative impact on the friendship.', 'mistral', '2026-06-03 11:48:27.928', '2026-06-03 11:48:27.928', 'The event is factual and directly matches the rule, so there are no significant biases.', 0.7, 'negative', '{c719f515-1c0b-4ca7-a46d-ecfce05f43cf}', 'mistral-tiny-latest', 'friendship-assessment-v1');
INSERT INTO public."Assessment" (id, "eventId", "scoreDelta", reason, source, "createdAt", "updatedAt", "biasNotes", confidence, "impactDirection", "matchedRuleIds", "modelName", "promptVersion") VALUES ('2f974200-70be-4241-a042-6848f05762ed', '631c1fb9-d4b2-448a-a970-988a3b8bf4e3', -5, 'The event of an unexpected phone call happened, which directly violates the rule ''Unexpected phone behaviour''. This rule is explicitly stated and the event matches it closely. The rule has a medium weight, so the scoreDelta is set to -5.', 'mistral', '2026-06-03 12:04:30.993', '2026-06-03 12:04:30.993', 'The event is factual and the rule is clear, so there are no significant biases.', 0.8, 'negative', '{c719f515-1c0b-4ca7-a46d-ecfce05f43cf}', 'mistral-tiny-latest', 'friendship-assessment-v1');
INSERT INTO public."Assessment" (id, "eventId", "scoreDelta", reason, source, "createdAt", "updatedAt", "biasNotes", confidence, "impactDirection", "matchedRuleIds", "modelName", "promptVersion") VALUES ('bedb7a43-7722-40bc-87e9-dba1cb1581f1', '631c1fb9-d4b2-448a-a970-988a3b8bf4e3', -5, 'The event of an unexpected phone call happened, which matches the ''Unexpected phone behaviour'' rule. This rule has a medium weight and a negative impact direction. Therefore, the event has a negative impact on the friendship.', 'mistral', '2026-06-03 12:10:26.495', '2026-06-03 12:10:26.495', 'The event is factual and the rule is clearly applicable, but the confidence is not maximum due to the lack of context about the phone call.', 0.7, 'negative', '{c719f515-1c0b-4ca7-a46d-ecfce05f43cf}', 'mistral-tiny-latest', 'friendship-assessment-v1');


--
-- Data for Name: Rule; Type: TABLE DATA; Schema: public; Owner: smartinez
--

INSERT INTO public."Rule" (id, "friendId", title, description, "impactDirection", weight, active, "createdAt", "updatedAt") VALUES ('451fa48b-43d7-444f-8fd4-668136a564a0', '5da77ede-2290-4ede-9839-d83a29a310e6', 'Unexpected calls are bad', 'Cole dislikes being called without prior warning.', 'negative', 'medium', true, '2026-05-19 14:16:44.397', '2026-05-19 14:39:36.145');
INSERT INTO public."Rule" (id, "friendId", title, description, "impactDirection", weight, active, "createdAt", "updatedAt") VALUES ('7e5b07be-9098-47b6-8132-4ce3e8f7f630', '5da77ede-2290-4ede-9839-d83a29a310e6', 'Extreme betrayal', 'A very serious violation of trust that should only be used for rare exceptional cases.', 'negative', 'critical', true, '2026-05-26 11:21:10.596', '2026-05-26 13:02:50.888');
INSERT INTO public."Rule" (id, "friendId", title, description, "impactDirection", weight, active, "createdAt", "updatedAt") VALUES ('c719f515-1c0b-4ca7-a46d-ecfce05f43cf', '76fe021b-c2b0-44c4-a177-80b42f27cf8b', 'Unexpected phone behaviour', 'This rule mentions unexpected and phone.', 'negative', 'medium', true, '2026-06-02 09:55:31.368', '2026-06-02 09:55:31.368');


--
-- Data for Name: SearchableDocument; Type: TABLE DATA; Schema: public; Owner: smartinez
--

INSERT INTO public."SearchableDocument" (id, "friendId", "sourceType", "sourceId", content, "createdAt", "updatedAt") VALUES ('1106c128-7667-43de-939f-757393aace40', '76fe021b-c2b0-44c4-a177-80b42f27cf8b', 'friend_note', '76fe021b-c2b0-44c4-a177-80b42f27cf8b', 'unexpected', '2026-06-03 12:04:29.629', '2026-06-03 12:04:29.629');
INSERT INTO public."SearchableDocument" (id, "friendId", "sourceType", "sourceId", content, "createdAt", "updatedAt") VALUES ('c6038741-db2e-424f-82d6-613ca44aff48', '76fe021b-c2b0-44c4-a177-80b42f27cf8b', 'rule', 'c719f515-1c0b-4ca7-a46d-ecfce05f43cf', 'Unexpected phone behaviour This rule mentions unexpected and phone.', '2026-06-03 12:04:29.629', '2026-06-03 12:04:29.629');
INSERT INTO public."SearchableDocument" (id, "friendId", "sourceType", "sourceId", content, "createdAt", "updatedAt") VALUES ('68746cc0-3ff9-4fa6-a7ff-cfc8cbac9a04', '76fe021b-c2b0-44c4-a177-80b42f27cf8b', 'event', '631c1fb9-d4b2-448a-a970-988a3b8bf4e3', 'Unexpected phone call happened yesterday.', '2026-06-03 12:04:29.629', '2026-06-03 12:04:29.629');


--
-- PostgreSQL database dump complete
--

\unrestrict ICaj9jXyAYoiuwGCzaaRvebsMMkvG20flnUAx7kxrFDKV3ybnl0bbfQQ1VrAfDO

